{
  "bin_position": [
    0.55,
    0.45,
    0.08
  ],
  "keyframes": {
    "transport": {
      "joint_angles": [
        0.6663099999999998,
        0.35,
        0.0,
        -1.4658229999999999,
        0.0,
        1.9614875,
        -0.55
      ],
      "ee_position": [
        0.5467468487557116,
        0.42988821979466646,
        0.39640232954965965
      ],
      "dist_to_bin_xy": 0.02037318571176001
    },
    "place": {
      "joint_angles": [
        0.6952799999999999,
        0.5641600000000001,
        0.0,
        -1.3157130000000001,
        0.0,
        1.8295549999999998,
        -0.55
      ],
      "ee_position": [
        0.5429323703612032,
        0.4529422360640429,
        0.3065405600482389
      ],
      "dist_to_bin_xy": 0.007655595454813011
    }
  }
}